Category,Year,$,$$,$$$,$$$$
Restaurants,2019,0.38,0.37,0.18,0.08
Restaurants,2020,0.36,0.33,0.20,0.11
Restaurants,2021,0.26,0.33,0.26,0.14
Restaurants,2022,0.27,0.34,0.25,0.13
Beauty,2019,0.53,0.31,0.09,0.06
Beauty,2020,0.48,0.32,0.12,0.08
Beauty,2021,0.47,0.34,0.12,0.07
Beauty,2022,0.49,0.34,0.10,0.06
Travel,2019,0.37,0.34,0.18,0.11
Travel,2020,0.37,0.32,0.19,0.13
Travel,2021,0.30,0.34,0.22,0.14
Travel,2022,0.31,0.35,0.21,0.13
Shopping,2019,0.44,0.29,0.15,0.12
Shopping,2020,0.44,0.30,0.15,0.12
Shopping,2021,0.41,0.30,0.17,0.13
Shopping,2022,0.42,0.31,0.15,0.12
Auto,2019,0.42,0.31,0.17,0.10
Auto,2020,0.42,0.32,0.17,0.09
Auto,2021,0.41,0.32,0.18,0.10
Auto,2022,0.45,0.31,0.16,0.08
Food,2019,0.55,0.30,0.09,0.06
Food,2020,0.52,0.29,0.12,0.08
Food,2021,0.47,0.31,0.13,0.09
Food,2022,0.47,0.30,0.14,0.09